{"cameraMode":{"drawMode":0,"name":"Shaded","section":"Shading Mode"},"sceneLighting":true,"audioPlay":false,"sceneViewState":{"m_AlwaysRefresh":false,"showFog":true,"showSkybox":true,"showFlares":true,"showImageEffects":true,"showParticleSystems":true,"showVisualEffectGraphs":true,"m_FxEnabled":true},"in2DMode":false,"pivot":{"x":40.79491424560547,"y":127.56981658935547,"z":191.65858459472657},"rotation":{"x":-0.04197089374065399,"y":0.03598995879292488,"z":-0.0013203335693106056,"w":-0.9985600709915161},"size":471.24285888671877,"orthographic":false}