{"cameraMode":{"drawMode":0,"name":"Shaded","section":"Shading Mode"},"sceneLighting":true,"audioPlay":false,"sceneViewState":{"m_AlwaysRefresh":false,"showFog":true,"showSkybox":true,"showFlares":true,"showImageEffects":true,"showParticleSystems":true,"showVisualEffectGraphs":true,"m_FxEnabled":true},"in2DMode":false,"pivot":{"x":32.70000076293945,"y":-1.2100000381469727,"z":-0.19990015029907227},"rotation":{"x":-0.13306844234466554,"y":-0.1624774932861328,"z":0.022150719538331033,"w":-0.977472186088562},"size":8.172626495361329,"orthographic":false}