{"cameraMode":{"drawMode":0,"name":"Shaded","section":"Shading Mode"},"sceneLighting":true,"audioPlay":false,"sceneViewState":{"m_AlwaysRefresh":false,"showFog":true,"showSkybox":true,"showFlares":true,"showImageEffects":true,"showParticleSystems":true,"showVisualEffectGraphs":true,"m_FxEnabled":true},"in2DMode":false,"pivot":{"x":182.76246643066407,"y":-678.634033203125,"z":59.64441680908203},"rotation":{"x":0.15239492058753968,"y":-0.016931520774960519,"z":0.0024576245341449978,"w":0.9882503747940064},"size":64.63909912109375,"orthographic":false}